tri	ref	alt	variant_type	lvl	mu	obs	pos
AAA	A	C	non-CpG	0	1.8e-09	1257	27021
AAA	A	G	non-CpG	0	3.0100000000000006e-09	20172	204496
AAA	A	T	non-CpG	0	1.04e-09	1114	42557
AAC	A	C	non-CpG	0	1.42e-09	493	14989
AAC	A	G	non-CpG	0	5.26e-09	20812	128536
AAC	A	T	non-CpG	0	1.34e-09	465	15012
AAG	A	C	non-CpG	0	1.52e-09	4789	92495
AAG	A	G	non-CpG	0	3.89e-09	31965	244382
AAG	A	T	non-CpG	0	9.26e-10	1806	61688
AAT	A	G	non-CpG	0	7.81e-09	26205	132206
ACA	C	A	non-CpG	0	2.9e-09	3292	47720
ACA	C	G	non-CpG	0	2.38e-09	4363	47697
ACA	C	T	non-CpG	0	9.25e-09	50312	202313
ACC	C	A	non-CpG	0	5.62e-09	2314	14430
ACC	C	G	non-CpG	0	2.42e-09	1086	14441
ACC	C	T	non-CpG	0	9.86e-09	37801	142451
ACG	C	A	non-CpG	0	6.58e-09	4914	30292
ACG	C	G	non-CpG	0	4.9e-09	2726	17788
ACG	C	T	CpG	0	2.15e-08	7323	16444
ACG	C	T	CpG	1	5.19e-08	2039	3237
ACG	C	T	CpG	2	7.19e-08	1471	2112
ACG	C	T	CpG	3	8.97e-08	1016	1261
ACG	C	T	CpG	4	1.01e-07	936	1061
ACG	C	T	CpG	5	1.15e-07	1697	1862
ACG	C	T	CpG	6	1.31e-07	37598	40272
ACG	C	T	CpG	7	1.38e-07	6729	6917
ACG	C	T	CpG	8	1.56e-07	1534	1570
ACG	C	T	CpG	9	1.8299999999999998e-07	370	378
ACG	C	T	CpG	10	2.02e-07	175	178
ACG	C	T	CpG	11	2.17e-07	89	94
ACG	C	T	CpG	12	2.29e-07	64	66
ACG	C	T	CpG	13	2.3599999999999997e-07	42	44
ACG	C	T	CpG	14	2.39e-07	11	12
ACG	C	T	CpG	15	2.44e-07	5	6
ACT	C	T	non-CpG	0	7.88e-09	44412	199484
AGA	G	A	non-CpG	0	5.53e-09	51605	305750
AGA	G	C	non-CpG	0	3.56e-09	6953	46204
AGA	G	T	non-CpG	0	2.63e-09	3882	69700
AGC	G	A	non-CpG	0	7.71e-09	66131	324954
AGC	G	C	non-CpG	0	2.28e-09	3033	45664
AGC	G	T	non-CpG	0	1.98e-09	2428	45706
AGG	G	A	non-CpG	0	8.07e-09	89963	400412
AGG	G	C	non-CpG	0	2.69e-09	10856	106501
AGG	G	T	non-CpG	0	1.7e-09	4992	106563
AGT	G	A	non-CpG	0	7.88e-09	44275	199373
ATA	T	A	non-CpG	0	1.8499999999999998e-09	972	19980
ATA	T	C	non-CpG	0	1.1299999999999999e-08	21438	88160
ATA	T	G	non-CpG	0	1.21e-09	781	19979
ATC	T	A	non-CpG	0	2.89e-09	1452	16185
ATC	T	C	non-CpG	0	5.29e-09	11750	90448
ATC	T	G	non-CpG	0	1.08e-09	597	16182
ATG	T	A	non-CpG	0	2.3e-09	3521	48943
ATG	T	C	non-CpG	0	1.14e-08	55202	208917
ATG	T	G	non-CpG	0	1.98e-09	3124	48938
ATT	T	C	non-CpG	0	7.81e-09	26351	133340
CAA	A	C	non-CpG	0	1.93e-09	6622	117802
CAA	A	G	non-CpG	0	3.86e-09	23956	195408
CAA	A	T	non-CpG	0	8.94e-10	4397	152863
CAC	A	C	non-CpG	0	1.9e-09	6485	109719
CAC	A	G	non-CpG	0	5.19e-09	26758	172434
CAC	A	T	non-CpG	0	1.41e-09	4383	109796
CAG	A	C	non-CpG	0	1.63e-09	19768	362128
CAG	A	G	non-CpG	0	5.3e-09	53099	315126
CAG	A	T	non-CpG	0	1.14e-09	11406	316096
CAT	A	C	non-CpG	0	1.98e-09	3124	49609
CAT	A	G	non-CpG	0	1.14e-08	56385	210680
CAT	A	T	non-CpG	0	2.3e-09	3536	49624
CCA	C	A	non-CpG	0	2.1e-09	14729	314873
CCA	C	G	non-CpG	0	1.78e-09	18225	314797
CCA	C	T	non-CpG	0	6.67e-09	66911	341875
CCC	C	A	non-CpG	0	2.9799999999999996e-09	14463	184575
CCC	C	G	non-CpG	0	3.2e-09	17927	184531
CCC	C	T	non-CpG	0	8.57e-09	49642	202324
CCG	C	A	non-CpG	0	5.14e-09	21603	164933
CCG	C	G	non-CpG	0	5.7e-09	24708	126917
CCG	C	T	CpG	0	1.9e-08	16930	38102
CCG	C	T	CpG	1	3.91e-08	4118	6712
CCG	C	T	CpG	2	5.73e-08	2583	3724
CCG	C	T	CpG	3	7.37e-08	1763	2245
CCG	C	T	CpG	4	8.58e-08	1229	1476
CCG	C	T	CpG	5	9.92e-08	1924	2173
CCG	C	T	CpG	6	1.13e-07	47736	52041
CCG	C	T	CpG	7	1.2e-07	11127	11516
CCG	C	T	CpG	8	1.35e-07	3487	3604
CCG	C	T	CpG	9	1.52e-07	1028	1057
CCG	C	T	CpG	10	1.7e-07	443	462
CCG	C	T	CpG	11	1.85e-07	247	259
CCG	C	T	CpG	12	1.9499999999999999e-07	182	190
CCG	C	T	CpG	13	2.06e-07	161	165
CCG	C	T	CpG	14	2.09e-07	119	127
CCG	C	T	CpG	15	2.0999999999999997e-07	77	79
CCT	C	A	non-CpG	0	1.7e-09	5159	109523
CCT	C	G	non-CpG	0	2.69e-09	11372	109456
CCT	C	T	non-CpG	0	8.07e-09	90472	404700
CGA	G	A	CpG	0	1.75e-08	4709	11790
CGA	G	A	CpG	1	3.61e-08	1299	2287
CGA	G	A	CpG	2	5.0000000000000004e-08	902	1352
CGA	G	A	CpG	3	6.3e-08	650	872
CGA	G	A	CpG	4	7.02e-08	641	779
CGA	G	A	CpG	5	8.07e-08	1162	1321
CGA	G	A	CpG	6	9.22e-08	28481	31640
CGA	G	A	CpG	7	9.78e-08	5834	6169
CGA	G	A	CpG	8	1.09e-07	1690	1780
CGA	G	A	CpG	9	1.24e-07	573	597
CGA	G	A	CpG	10	1.39e-07	250	265
CGA	G	A	CpG	11	1.49e-07	155	162
CGA	G	A	CpG	12	1.58e-07	108	112
CGA	G	A	CpG	13	1.63e-07	52	54
CGA	G	A	CpG	14	1.65e-07	39	44
CGA	G	A	CpG	15	1.69e-07	20	21
CGA	G	C	non-CpG	0	5.53e-09	5762	33969
CGA	G	T	non-CpG	0	5.01e-09	9237	67230
CGC	G	A	CpG	0	1.38e-08	12872	37152
CGC	G	A	CpG	1	3.27e-08	3061	5819
CGC	G	A	CpG	2	4.88e-08	2108	3319
CGC	G	A	CpG	3	6.58e-08	1337	1798
CGC	G	A	CpG	4	7.92e-08	861	1021
CGC	G	A	CpG	5	9.379999999999999e-08	1146	1326
CGC	G	A	CpG	6	1.1e-07	29928	33239
CGC	G	A	CpG	7	1.1599999999999999e-07	8197	8574
CGC	G	A	CpG	8	1.29e-07	2860	2983
CGC	G	A	CpG	9	1.4800000000000003e-07	897	934
CGC	G	A	CpG	10	1.65e-07	394	416
CGC	G	A	CpG	11	1.81e-07	260	267
CGC	G	A	CpG	12	1.9400000000000002e-07	157	160
CGC	G	A	CpG	13	2.06e-07	131	139
CGC	G	A	CpG	14	2.1e-07	84	85
CGC	G	A	CpG	15	2.1e-07	44	44
CGC	G	C	non-CpG	0	3.92e-09	8500	75204
CGC	G	T	non-CpG	0	8.55e-09	19790	105178
CGG	G	A	CpG	0	1.9e-08	17076	38648
CGG	G	A	CpG	1	3.91e-08	4145	6861
CGG	G	A	CpG	2	5.73e-08	2676	3824
CGG	G	A	CpG	3	7.37e-08	1791	2293
CGG	G	A	CpG	4	8.58e-08	1204	1435
CGG	G	A	CpG	5	9.92e-08	1899	2160
CGG	G	A	CpG	6	1.13e-07	48174	52465
CGG	G	A	CpG	7	1.2e-07	11066	11499
CGG	G	A	CpG	8	1.35e-07	3405	3554
CGG	G	A	CpG	9	1.52e-07	937	984
CGG	G	A	CpG	10	1.7e-07	471	490
CGG	G	A	CpG	11	1.85e-07	274	283
CGG	G	A	CpG	12	1.95e-07	197	203
CGG	G	A	CpG	13	2.0599999999999997e-07	157	166
CGG	G	A	CpG	14	2.09e-07	132	135
CGG	G	A	CpG	15	2.0999999999999997e-07	72	78
CGG	G	C	non-CpG	0	5.7e-09	24873	128231
CGG	G	T	non-CpG	0	5.14e-09	21778	164939
CGT	G	A	CpG	0	2.15e-08	6826	15925
CGT	G	A	CpG	1	5.19e-08	1984	3138
CGT	G	A	CpG	2	7.19e-08	1492	2005
CGT	G	A	CpG	3	8.970000000000002e-08	1118	1393
CGT	G	A	CpG	4	1.01e-07	949	1054
CGT	G	A	CpG	5	1.15e-07	1749	1899
CGT	G	A	CpG	6	1.31e-07	36997	39606
CGT	G	A	CpG	7	1.38e-07	6596	6825
CGT	G	A	CpG	8	1.56e-07	1622	1683
CGT	G	A	CpG	9	1.83e-07	363	384
CGT	G	A	CpG	10	2.02e-07	183	190
CGT	G	A	CpG	11	2.17e-07	116	122
CGT	G	A	CpG	12	2.29e-07	88	92
CGT	G	A	CpG	13	2.36e-07	43	47
CGT	G	A	CpG	14	2.39e-07	33	36
CGT	G	A	CpG	15	2.44e-07	9	9
CGT	G	C	non-CpG	0	4.9e-09	2698	18384
CGT	G	T	non-CpG	0	6.580000000000001e-09	5033	30819
CTA	T	A	non-CpG	0	1.04e-09	2963	92599
CTA	T	C	non-CpG	0	5.13e-09	14885	91710
CTA	T	G	non-CpG	0	1.1e-09	3665	107649
CTC	T	A	non-CpG	0	1.15e-09	5046	139050
CTC	T	C	non-CpG	0	3.1599999999999994e-09	17214	162390
CTC	T	G	non-CpG	0	1.27e-09	7844	180298
CTG	T	A	non-CpG	0	1.14e-09	11211	317013
CTG	T	C	non-CpG	0	5.3e-09	52449	316004
CTG	T	G	non-CpG	0	1.63e-09	19824	363077
CTT	T	A	non-CpG	0	9.26e-10	1870	62736
CTT	T	C	non-CpG	0	3.89e-09	32032	247977
CTT	T	G	non-CpG	0	1.5199999999999997e-09	4950	93886
GAA	A	C	non-CpG	0	1.2e-09	3018	75893
GAA	A	G	non-CpG	0	2.99e-09	11248	139064
GAA	A	T	non-CpG	0	9.27e-10	2955	98035
GAC	A	C	non-CpG	0	1.06e-09	1705	42690
GAC	A	G	non-CpG	0	4.22e-09	9495	79840
GAC	A	T	non-CpG	0	1.84e-09	2106	42699
GAG	A	C	non-CpG	0	1.27e-09	7914	179059
GAG	A	G	non-CpG	0	3.16e-09	17332	160650
GAG	A	T	non-CpG	0	1.15e-09	4993	137414
GAT	A	C	non-CpG	0	1.08e-09	565	15604
GAT	A	G	non-CpG	0	5.29e-09	11779	90159
GAT	A	T	non-CpG	0	2.89e-09	1361	15601
GCA	C	A	non-CpG	0	3.2600000000000003e-09	11237	152554
GCA	C	G	non-CpG	0	1.66e-09	8188	152561
GCA	C	T	non-CpG	0	6.850000000000001e-09	45628	230324
GCC	C	A	non-CpG	0	3.73e-09	9646	98681
GCC	C	G	non-CpG	0	2.27e-09	5994	98698
GCC	C	T	non-CpG	0	8.63e-09	40120	172081
GCG	C	A	non-CpG	0	8.55e-09	19520	103815
GCG	C	G	non-CpG	0	3.92e-09	8168	73490
GCG	C	T	CpG	0	1.38e-08	13037	36788
GCG	C	T	CpG	1	3.27e-08	3136	5833
GCG	C	T	CpG	2	4.88e-08	2112	3311
GCG	C	T	CpG	3	6.58e-08	1283	1710
GCG	C	T	CpG	4	7.92e-08	777	944
GCG	C	T	CpG	5	9.38e-08	993	1189
GCG	C	T	CpG	6	1.1e-07	29962	33156
GCG	C	T	CpG	7	1.16e-07	8116	8507
GCG	C	T	CpG	8	1.29e-07	2792	2921
GCG	C	T	CpG	9	1.4799999999999998e-07	902	932
GCG	C	T	CpG	10	1.65e-07	405	424
GCG	C	T	CpG	11	1.81e-07	230	238
GCG	C	T	CpG	12	1.94e-07	154	158
GCG	C	T	CpG	13	2.06e-07	112	112
GCG	C	T	CpG	14	2.1000000000000003e-07	79	81
GCG	C	T	CpG	15	2.1e-07	41	41
GCT	C	A	non-CpG	0	1.98e-09	2323	45503
GCT	C	G	non-CpG	0	2.28e-09	3143	45453
GCT	C	T	non-CpG	0	7.71e-09	66440	326355
GGA	G	A	non-CpG	0	7.64e-09	40493	181486
GGA	G	C	non-CpG	0	2.5e-09	8428	92235
GGA	G	T	non-CpG	0	2.56e-09	10146	124773
GGC	G	A	non-CpG	0	8.63e-09	39981	171413
GGC	G	C	non-CpG	0	2.27e-09	5997	98904
GGC	G	T	non-CpG	0	3.73e-09	9841	98891
GGG	G	A	non-CpG	0	8.57e-09	49501	201327
GGG	G	C	non-CpG	0	3.2e-09	17946	182801
GGG	G	T	non-CpG	0	2.98e-09	14245	182868
GGT	G	A	non-CpG	0	9.86e-09	37516	141165
GGT	G	C	non-CpG	0	2.42e-09	1124	14555
GGT	G	T	non-CpG	0	5.62e-09	2236	14546
GTA	T	A	non-CpG	0	1.14e-09	1417	38639
GTA	T	C	non-CpG	0	6.13e-09	11253	64232
GTA	T	G	non-CpG	0	1.04e-09	1396	38615
GTC	T	A	non-CpG	0	1.84e-09	2058	42675
GTC	T	C	non-CpG	0	4.22e-09	9435	80663
GTC	T	G	non-CpG	0	1.06e-09	1592	42668
GTG	T	A	non-CpG	0	1.4100000000000003e-09	4359	107280
GTG	T	C	non-CpG	0	5.19e-09	25647	170409
GTG	T	G	non-CpG	0	1.9e-09	6248	107197
GTT	T	A	non-CpG	0	1.34e-09	457	14791
GTT	T	C	non-CpG	0	5.26e-09	20906	129548
GTT	T	G	non-CpG	0	1.42e-09	454	14760
TAA	A	C	non-CpG	0	1.34e-09	2397	59391
TAA	A	G	non-CpG	0	4.08e-09	12467	94433
TAA	A	T	non-CpG	0	1.7900000000000002e-09	2321	75677
TAC	A	C	non-CpG	0	1.04e-09	1451	38495
TAC	A	G	non-CpG	0	6.13e-09	11342	63905
TAC	A	T	non-CpG	0	1.14e-09	1409	38524
TAG	A	C	non-CpG	0	1.1e-09	3693	106803
TAG	A	G	non-CpG	0	5.13e-09	14600	90256
TAG	A	T	non-CpG	0	1.04e-09	2947	91484
TAT	A	C	non-CpG	0	1.21e-09	803	20121
TAT	A	G	non-CpG	0	1.13e-08	21548	86959
TAT	A	T	non-CpG	0	1.85e-09	974	20125
TCA	C	A	non-CpG	0	2.02e-09	8778	189436
TCA	C	G	non-CpG	0	2.12e-09	10575	150752
TCA	C	T	non-CpG	0	5.74e-09	44280	242730
TCC	C	A	non-CpG	0	2.56e-09	10261	124532
TCC	C	G	non-CpG	0	2.5e-09	8782	91768
TCC	C	T	non-CpG	0	7.64e-09	40376	181693
TCG	C	A	non-CpG	0	5.01e-09	9042	67216
TCG	C	G	non-CpG	0	5.53e-09	5595	33256
TCG	C	T	CpG	0	1.75e-08	5000	12135
TCG	C	T	CpG	1	3.61e-08	1326	2328
TCG	C	T	CpG	2	5.0000000000000004e-08	944	1408
TCG	C	T	CpG	3	6.3e-08	690	926
TCG	C	T	CpG	4	7.02e-08	637	790
TCG	C	T	CpG	5	8.07e-08	1141	1300
TCG	C	T	CpG	6	9.22e-08	28670	31716
TCG	C	T	CpG	7	9.78e-08	5847	6184
TCG	C	T	CpG	8	1.09e-07	1683	1750
TCG	C	T	CpG	9	1.24e-07	537	565
TCG	C	T	CpG	10	1.39e-07	248	263
TCG	C	T	CpG	11	1.49e-07	131	137
TCG	C	T	CpG	12	1.58e-07	94	97
TCG	C	T	CpG	13	1.63e-07	54	58
TCG	C	T	CpG	14	1.65e-07	39	40
TCG	C	T	CpG	15	1.69e-07	12	12
TCT	C	A	non-CpG	0	2.63e-09	4052	71010
TCT	C	G	non-CpG	0	3.56e-09	6900	46749
TCT	C	T	non-CpG	0	5.53e-09	51913	306420
TGA	G	A	non-CpG	0	5.74e-09	44293	242849
TGA	G	C	non-CpG	0	2.12e-09	10662	150868
TGA	G	T	non-CpG	0	2.02e-09	9028	189560
TGC	G	A	non-CpG	0	6.85e-09	45480	228890
TGC	G	C	non-CpG	0	1.6600000000000003e-09	8364	152898
TGC	G	T	non-CpG	0	3.2599999999999995e-09	11517	152907
TGG	G	A	non-CpG	0	6.6699999999999995e-09	66733	340334
TGG	G	C	non-CpG	0	1.78e-09	17968	312560
TGG	G	T	non-CpG	0	2.1e-09	14822	312589
TGT	G	A	non-CpG	0	9.25e-09	50680	201235
TGT	G	C	non-CpG	0	2.38e-09	4369	48968
TGT	G	T	non-CpG	0	2.9e-09	3410	48996
TTA	T	A	non-CpG	0	1.7900000000000002e-09	2379	75635
TTA	T	C	non-CpG	0	4.08e-09	12398	94791
TTA	T	G	non-CpG	0	1.34e-09	2436	59467
TTC	T	A	non-CpG	0	9.27e-10	2851	98106
TTC	T	C	non-CpG	0	2.99e-09	11345	139411
TTC	T	G	non-CpG	0	1.2e-09	2949	76098
TTG	T	A	non-CpG	0	8.94e-10	4298	150929
TTG	T	C	non-CpG	0	3.86e-09	23474	193936
TTG	T	G	non-CpG	0	1.93e-09	6618	116112
TTT	T	A	non-CpG	0	1.04e-09	1152	43307
TTT	T	C	non-CpG	0	3.01e-09	20030	204878
TTT	T	G	non-CpG	0	1.8e-09	1323	27085
